{
  "case": {
    "VS_ASSD": {
      "0": 1.1383162002070344,
      "1": 0.9656799581587433,
      "2": 4.382190322325922,
      "3": 39.642270244219446,
      "4": 0.7774292924157621,
      "5": 1.5232092081666386,
      "6": 5.001039332122663,
      "7": 1.3065641967621713,
      "8": 3.4434757429204192,
      "9": null,
      "10": 1.1815494470636905,
      "11": 14.001558418814177,
      "12": 2.8222898446492715,
      "13": 4.807567546106547,
      "14": 3.371813336514497,
      "15": 0.8367816042546771,
      "16": 18.758009391661737,
      "17": 7.244832337343154,
      "18": 38.289433813860725,
      "19": 0.755715848439442,
      "20": 0.8281883151083904,
      "21": 2.8009289161236257,
      "22": 0.5893426741988292,
      "23": 4.369446749407802,
      "24": 17.0942266780864,
      "25": 3.7650476505064803,
      "26": 1.0987047286614229,
      "27": 28.563015626113526,
      "28": 6.196319015012509,
      "29": 19.61132232127639,
      "30": 6.398853865572684,
      "31": 3.551454680854967
    },
    "VS_Dice": {
      "0": 0.7610048398248445,
      "1": 0.5783060921248143,
      "2": 0.16055301594380644,
      "3": 0.0,
      "4": 0.7488556606652426,
      "5": 0.7265242109390315,
      "6": 0.3364578194375925,
      "7": 0.7852301200052749,
      "8": 0.36372049976862564,
      "9": 0.0,
      "10": 0.6011281224818694,
      "11": 0.31211498973305957,
      "12": 0.3685636856368564,
      "13": 0.7430551100275871,
      "14": 0.686850925875048,
      "15": 0.5681989449886963,
      "16": 0.2447351209941138,
      "17": 0.6239108409321176,
      "18": 0.0,
      "19": 0.8334429824561403,
      "20": 0.8060385039436858,
      "21": 0.5510918698669383,
      "22": 0.8124898357456497,
      "23": 0.3293580835839469,
      "24": 0.1318427139552814,
      "25": 0.02302968270214944,
      "26": 0.7143290524825564,
      "27": 0.0,
      "28": 0.26995838062807415,
      "29": 0.02058319039451115,
      "30": 0.1609719058466211,
      "31": 0.020399113082039913
    },
    "gt_fname": {
      "0": "crossmoda_211_Label.nii.gz",
      "1": "crossmoda_212_Label.nii.gz",
      "2": "crossmoda_213_Label.nii.gz",
      "3": "crossmoda_214_Label.nii.gz",
      "4": "crossmoda_215_Label.nii.gz",
      "5": "crossmoda_216_Label.nii.gz",
      "6": "crossmoda_217_Label.nii.gz",
      "7": "crossmoda_218_Label.nii.gz",
      "8": "crossmoda_219_Label.nii.gz",
      "9": "crossmoda_220_Label.nii.gz",
      "10": "crossmoda_221_Label.nii.gz",
      "11": "crossmoda_222_Label.nii.gz",
      "12": "crossmoda_223_Label.nii.gz",
      "13": "crossmoda_224_Label.nii.gz",
      "14": "crossmoda_225_Label.nii.gz",
      "15": "crossmoda_226_Label.nii.gz",
      "16": "crossmoda_227_Label.nii.gz",
      "17": "crossmoda_228_Label.nii.gz",
      "18": "crossmoda_229_Label.nii.gz",
      "19": "crossmoda_230_Label.nii.gz",
      "20": "crossmoda_231_Label.nii.gz",
      "21": "crossmoda_232_Label.nii.gz",
      "22": "crossmoda_233_Label.nii.gz",
      "23": "crossmoda_234_Label.nii.gz",
      "24": "crossmoda_235_Label.nii.gz",
      "25": "crossmoda_236_Label.nii.gz",
      "26": "crossmoda_237_Label.nii.gz",
      "27": "crossmoda_238_Label.nii.gz",
      "28": "crossmoda_239_Label.nii.gz",
      "29": "crossmoda_240_Label.nii.gz",
      "30": "crossmoda_241_Label.nii.gz",
      "31": "crossmoda_242_Label.nii.gz"
    },
    "Mean_Dice": {
      "0": 0.46784644843292134,
      "1": 0.411810626982339,
      "2": 0.10779944375171974,
      "3": 0.11007957559681697,
      "4": 0.4241172713264101,
      "5": 0.38334818868328907,
      "6": 0.33663622042375707,
      "7": 0.4147993603439344,
      "8": 0.29039555020043506,
      "9": 0.03840682788051209,
      "10": 0.42736983973210646,
      "11": 0.2763106594234918,
      "12": 0.41466913179558806,
      "13": 0.5744261057384312,
      "14": 0.3806074590236297,
      "15": 0.44426660341356816,
      "16": 0.17558884901246305,
      "17": 0.4842883630217446,
      "18": 0.0,
      "19": 0.6525835601935874,
      "20": 0.5415032169864202,
      "21": 0.3849986712518771,
      "22": 0.5567109631457943,
      "23": 0.22186605879351906,
      "24": 0.1143384891936556,
      "25": 0.06414642029844314,
      "26": 0.5793867484635005,
      "27": 0.08876811594202899,
      "28": 0.1552152780037504,
      "29": 0.010291595197255575,
      "30": 0.21701077561834603,
      "31": 0.030532273731408127
    },
    "pred_fname": {
      "0": "crossmoda_211_Label.nii.gz",
      "1": "crossmoda_212_Label.nii.gz",
      "2": "crossmoda_213_Label.nii.gz",
      "3": "crossmoda_214_Label.nii.gz",
      "4": "crossmoda_215_Label.nii.gz",
      "5": "crossmoda_216_Label.nii.gz",
      "6": "crossmoda_217_Label.nii.gz",
      "7": "crossmoda_218_Label.nii.gz",
      "8": "crossmoda_219_Label.nii.gz",
      "9": "crossmoda_220_Label.nii.gz",
      "10": "crossmoda_221_Label.nii.gz",
      "11": "crossmoda_222_Label.nii.gz",
      "12": "crossmoda_223_Label.nii.gz",
      "13": "crossmoda_224_Label.nii.gz",
      "14": "crossmoda_225_Label.nii.gz",
      "15": "crossmoda_226_Label.nii.gz",
      "16": "crossmoda_227_Label.nii.gz",
      "17": "crossmoda_228_Label.nii.gz",
      "18": "crossmoda_229_Label.nii.gz",
      "19": "crossmoda_230_Label.nii.gz",
      "20": "crossmoda_231_Label.nii.gz",
      "21": "crossmoda_232_Label.nii.gz",
      "22": "crossmoda_233_Label.nii.gz",
      "23": "crossmoda_234_Label.nii.gz",
      "24": "crossmoda_235_Label.nii.gz",
      "25": "crossmoda_236_Label.nii.gz",
      "26": "crossmoda_237_Label.nii.gz",
      "27": "crossmoda_238_Label.nii.gz",
      "28": "crossmoda_239_Label.nii.gz",
      "29": "crossmoda_240_Label.nii.gz",
      "30": "crossmoda_241_Label.nii.gz",
      "31": "crossmoda_242_Label.nii.gz"
    },
    "Cochlea_ASSD": {
      "0": 1.2215999273228972,
      "1": 1.0026542144680919,
      "2": 2.2044094566814487,
      "3": 1.1315330671021244,
      "4": 1.4588097536426574,
      "5": 17.378738667737018,
      "6": 0.8721391713718311,
      "7": 18.24021575913124,
      "8": 0.9236457520439836,
      "9": 1.613649084435206,
      "10": 0.9959115759679509,
      "11": 1.2723192675178674,
      "12": 0.6290805441079026,
      "13": 0.6321489025218543,
      "14": 1.4016482556204544,
      "15": 0.9063406761419431,
      "16": 1.4435419169440213,
      "17": 0.9373857251321829,
      "18": null,
      "19": 0.5906158686367288,
      "20": 0.9185133629891674,
      "21": 1.2550055977953534,
      "22": 0.9472291565795317,
      "23": 1.81489023733797,
      "24": 1.7310540307984015,
      "25": 15.919390501163939,
      "26": 0.7557131899583136,
      "27": 1.159810326869454,
      "28": 16.021339210090424,
      "29": null,
      "30": 0.7859997361347295,
      "31": 1.5182282614883253
    },
    "Cochlea_Dice": {
      "0": 0.1746880570409982,
      "1": 0.2453151618398637,
      "2": 0.05504587155963303,
      "3": 0.22015915119363394,
      "4": 0.09937888198757763,
      "5": 0.040172166427546625,
      "6": 0.3368146214099217,
      "7": 0.04436860068259386,
      "8": 0.21707060063224448,
      "9": 0.07681365576102418,
      "10": 0.2536115569823435,
      "11": 0.24050632911392406,
      "12": 0.46077457795431975,
      "13": 0.4057971014492754,
      "14": 0.07436399217221135,
      "15": 0.3203342618384401,
      "16": 0.10644257703081232,
      "17": 0.34466588511137164,
      "18": 0.0,
      "19": 0.47172413793103446,
      "20": 0.27696793002915454,
      "21": 0.21890547263681592,
      "22": 0.3009320905459387,
      "23": 0.1143740340030912,
      "24": 0.09683426443202979,
      "25": 0.10526315789473684,
      "26": 0.4444444444444444,
      "27": 0.17753623188405798,
      "28": 0.04047217537942664,
      "29": 0.0,
      "30": 0.2730496453900709,
      "31": 0.04066543438077634
    }
  },
  "aggregates": {
    "VS_ASSD": {
      "max": 39.642270244219446,
      "min": 0.5893426741988292,
      "std": 10.701814827971072,
      "25pc": 1.1599328236353625,